UserID,Name,Email,Total_Travelers,Gender_Bin,Adventure,Beaches,City,Historical,Nature
1,Kavya,kavya@example.com,1,0,0,1,0,1,0
2,Rohan,rohan@example.com,4,1,1,0,0,0,1
3,Kavya,kavya@example.com,2,0,0,0,1,1,0
4,Anika,anika@example.com,1,0,0,1,0,1,0
5,Tanvi,tanvi@example.com,4,0,1,0,0,0,1
6,Karan,karan@example.com,2,1,0,0,1,1,0
7,Rohan,rohan@example.com,3,1,0,1,0,1,0
8,Vivaan,vivaan@example.com,4,1,1,0,0,0,1
9,Riya,riya@example.com,2,0,0,0,1,1,0
10,Rohan,rohan@example.com,4,1,0,1,0,1,0
11,Vivaan,vivaan@example.com,4,1,1,0,0,0,1
12,Anika,anika@example.com,2,0,0,0,1,1,0
13,Dhruv,dhruv@example.com,3,1,0,1,0,1,0
14,Meera,meera@example.com,4,0,1,0,0,0,1
15,Karan,karan@example.com,3,1,0,0,1,1,0
16,Anika,anika@example.com,3,0,0,1,0,1,0
17,Aanya,aanya@example.com,3,0,1,0,0,0,1
18,Vivaan,vivaan@example.com,1,1,0,0,1,1,0
19,Aanya,aanya@example.com,3,0,0,1,0,1,0
20,Meera,meera@example.com,2,0,1,0,0,0,1
21,Dhruv,dhruv@example.com,1,1,0,0,1,1,0
22,Arjun,arjun@example.com,3,1,0,1,0,1,0
23,Arjun,arjun@example.com,3,1,1,0,0,0,1
24,Karan,karan@example.com,3,1,0,0,1,1,0
25,Diya,diya@example.com,2,0,0,1,0,1,0
26,Dhruv,dhruv@example.com,2,1,1,0,0,0,1
27,Diya,diya@example.com,4,0,0,0,1,1,0
28,Riya,riya@example.com,3,0,0,1,0,1,0
29,Diya,diya@example.com,2,0,1,0,0,0,1
30,Riya,riya@example.com,2,0,0,0,1,1,0
31,Ritvik,ritvik@example.com,4,1,0,1,0,1,0
32,Anika,anika@example.com,2,0,1,0,0,0,1
33,Ritvik,ritvik@example.com,4,1,0,0,1,1,0
34,Meera,meera@example.com,3,0,0,1,0,1,0
35,Rohan,rohan@example.com,3,1,1,0,0,0,1
36,Arjun,arjun@example.com,4,1,0,0,1,1,0
37,Aarav,aarav@example.com,3,1,0,1,0,1,0
38,Anika,anika@example.com,4,0,1,0,0,0,1
39,Vivaan,vivaan@example.com,4,1,0,0,1,1,0
40,Aditya,aditya@example.com,2,1,0,1,0,1,0
41,Vivaan,vivaan@example.com,3,1,1,0,0,0,1
42,Riya,riya@example.com,4,0,0,0,1,1,0
43,Riya,riya@example.com,3,0,0,1,0,1,0
44,Arjun,arjun@example.com,4,1,1,0,0,0,1
45,Tanvi,tanvi@example.com,2,0,0,0,1,1,0
46,Anika,anika@example.com,3,0,0,1,0,1,0
47,Meera,meera@example.com,3,0,1,0,0,0,1
48,Dhruv,dhruv@example.com,2,1,0,0,1,1,0
49,Ishaan,ishaan@example.com,2,1,0,1,0,1,0
50,Pooja,pooja@example.com,2,0,1,0,0,0,1
51,Aarav,aarav@example.com,2,1,0,0,1,1,0
52,Diya,diya@example.com,3,0,0,1,0,1,0
53,Dhruv,dhruv@example.com,4,1,1,0,0,0,1
54,Dhruv,dhruv@example.com,2,1,0,0,1,1,0
55,Aanya,aanya@example.com,2,0,0,1,0,1,0
56,Aditya,aditya@example.com,2,1,1,0,0,0,1
57,Aarav,aarav@example.com,2,1,0,0,1,1,0
58,Aarav,aarav@example.com,3,1,0,1,0,1,0
59,Arjun,arjun@example.com,2,1,1,0,0,0,1
60,Hitesh,hitesh@example.com,3,1,0,0,1,1,0
61,Dhruv,dhruv@example.com,4,1,0,1,0,1,0
62,Aarav,aarav@example.com,1,1,1,0,0,0,1
63,Arjun,arjun@example.com,2,1,0,0,1,1,0
64,Vivaan,vivaan@example.com,2,1,0,1,0,1,0
65,Pooja,pooja@example.com,3,0,1,0,0,0,1
66,Aarav,aarav@example.com,3,1,0,0,1,1,0
67,Tanvi,tanvi@example.com,1,0,0,1,0,1,0
68,Rohan,rohan@example.com,1,1,1,0,0,0,1
69,Arjun,arjun@example.com,1,1,0,0,1,1,0
70,Rohan,rohan@example.com,3,1,0,1,0,1,0
71,Kavya,kavya@example.com,4,0,1,0,0,0,1
72,Aarav,aarav@example.com,3,1,0,0,1,1,0
73,Aanya,aanya@example.com,2,0,0,1,0,1,0
74,Hitesh,hitesh@example.com,2,1,1,0,0,0,1
75,Rohan,rohan@example.com,2,1,0,0,1,1,0
76,Anika,anika@example.com,2,0,0,1,0,1,0
77,Arjun,arjun@example.com,2,1,1,0,0,0,1
78,Aditya,aditya@example.com,1,1,0,0,1,1,0
79,Dhruv,dhruv@example.com,2,1,0,1,0,1,0
80,Diya,diya@example.com,3,0,1,0,0,0,1
81,Isha,isha@example.com,3,0,0,0,1,1,0
82,Ishaan,ishaan@example.com,2,1,0,1,0,1,0
83,Tanvi,tanvi@example.com,2,0,1,0,0,0,1
84,Meera,meera@example.com,2,0,0,0,1,1,0
85,Saanvi,saanvi@example.com,3,0,0,1,0,1,0
86,Karan,karan@example.com,4,1,1,0,0,0,1
87,Ishaan,ishaan@example.com,4,1,0,0,1,1,0
88,Dhruv,dhruv@example.com,3,1,0,1,0,1,0
89,Karan,karan@example.com,2,1,1,0,0,0,1
90,Isha,isha@example.com,1,0,0,0,1,1,0
91,Ishaan,ishaan@example.com,3,1,0,1,0,1,0
92,Tanvi,tanvi@example.com,2,0,1,0,0,0,1
93,Meera,meera@example.com,1,0,0,0,1,1,0
94,Rohan,rohan@example.com,3,1,0,1,0,1,0
95,Kavya,kavya@example.com,3,0,1,0,0,0,1
96,Aarav,aarav@example.com,1,1,0,0,1,1,0
97,Dhruv,dhruv@example.com,3,1,0,1,0,1,0
98,Arjun,arjun@example.com,2,1,1,0,0,0,1
99,Ishaan,ishaan@example.com,2,1,0,0,1,1,0
100,Tanvi,tanvi@example.com,2,0,0,1,0,1,0
101,Aanya,aanya@example.com,2,0,1,0,0,0,1
102,Tanvi,tanvi@example.com,3,0,0,0,1,1,0
103,Aanya,aanya@example.com,1,0,0,1,0,1,0
104,Ishaan,ishaan@example.com,3,1,1,0,0,0,1
105,Rohan,rohan@example.com,1,1,0,0,1,1,0
106,Ishaan,ishaan@example.com,1,1,0,1,0,1,0
107,Riya,riya@example.com,2,0,1,0,0,0,1
108,Aarav,aarav@example.com,2,1,0,0,1,1,0
109,Meera,meera@example.com,2,0,0,1,0,1,0
110,Anika,anika@example.com,2,0,1,0,0,0,1
111,Hitesh,hitesh@example.com,2,1,0,0,1,1,0
112,Karan,karan@example.com,3,1,0,1,0,1,0
113,Aditya,aditya@example.com,1,1,1,0,0,0,1
114,Hitesh,hitesh@example.com,1,1,0,0,1,1,0
115,Meera,meera@example.com,2,0,0,1,0,1,0
116,Arjun,arjun@example.com,2,1,1,0,0,0,1
117,Aarav,aarav@example.com,3,1,0,0,1,1,0
118,Arjun,arjun@example.com,2,1,0,1,0,1,0
119,Ritvik,ritvik@example.com,2,1,1,0,0,0,1
120,Rohan,rohan@example.com,3,1,0,0,1,1,0
121,Isha,isha@example.com,4,0,0,1,0,1,0
122,Ishaan,ishaan@example.com,4,1,1,0,0,0,1
123,Diya,diya@example.com,3,0,0,0,1,1,0
124,Rohan,rohan@example.com,2,1,0,1,0,1,0
125,Diya,diya@example.com,2,0,1,0,0,0,1
126,Isha,isha@example.com,1,0,0,0,1,1,0
127,Diya,diya@example.com,4,0,0,1,0,1,0
128,Rohan,rohan@example.com,4,1,1,0,0,0,1
129,Aarav,aarav@example.com,3,1,0,0,1,1,0
130,Arjun,arjun@example.com,4,1,0,1,0,1,0
131,Riya,riya@example.com,3,0,1,0,0,0,1
132,Meera,meera@example.com,4,0,0,0,1,1,0
133,Ritvik,ritvik@example.com,4,1,0,1,0,1,0
134,Anika,anika@example.com,1,0,1,0,0,0,1
135,Meera,meera@example.com,3,0,0,0,1,1,0
136,Arjun,arjun@example.com,4,1,0,1,0,1,0
137,Tanvi,tanvi@example.com,3,0,1,0,0,0,1
138,Aanya,aanya@example.com,3,0,0,0,1,1,0
139,Aditya,aditya@example.com,3,1,0,1,0,1,0
140,Meera,meera@example.com,3,0,1,0,0,0,1
141,Meera,meera@example.com,3,0,0,0,1,1,0
142,Dhruv,dhruv@example.com,3,1,0,1,0,1,0
143,Aarav,aarav@example.com,1,1,1,0,0,0,1
144,Isha,isha@example.com,2,0,0,0,1,1,0
145,Ritvik,ritvik@example.com,2,1,0,1,0,1,0
146,Meera,meera@example.com,2,0,1,0,0,0,1
147,Riya,riya@example.com,3,0,0,0,1,1,0
148,Rohan,rohan@example.com,3,1,0,1,0,1,0
149,Ishaan,ishaan@example.com,2,1,1,0,0,0,1
150,Aarav,aarav@example.com,2,1,0,0,1,1,0
151,Isha,isha@example.com,2,0,0,1,0,1,0
152,Rohan,rohan@example.com,2,1,1,0,0,0,1
153,Meera,meera@example.com,1,0,0,0,1,1,0
154,Kavya,kavya@example.com,2,0,0,1,0,1,0
155,Vivaan,vivaan@example.com,2,1,1,0,0,0,1
156,Anika,anika@example.com,3,0,0,0,1,1,0
157,Meera,meera@example.com,3,0,0,1,0,1,0
158,Ishaan,ishaan@example.com,3,1,1,0,0,0,1
159,Ishaan,ishaan@example.com,1,1,0,0,1,1,0
160,Aanya,aanya@example.com,4,0,0,1,0,1,0
161,Meera,meera@example.com,1,0,1,0,0,0,1
162,Aditya,aditya@example.com,1,1,0,0,1,1,0
163,Diya,diya@example.com,4,0,0,1,0,1,0
164,Vivaan,vivaan@example.com,3,1,1,0,0,0,1
165,Arjun,arjun@example.com,2,1,0,0,1,1,0
166,Hitesh,hitesh@example.com,2,1,0,1,0,1,0
167,Vivaan,vivaan@example.com,3,1,1,0,0,0,1
168,Riya,riya@example.com,3,0,0,0,1,1,0
169,Anika,anika@example.com,4,0,0,1,0,1,0
170,Tanvi,tanvi@example.com,1,0,1,0,0,0,1
171,Hitesh,hitesh@example.com,3,1,0,0,1,1,0
172,Dhruv,dhruv@example.com,3,1,0,1,0,1,0
173,Rohan,rohan@example.com,3,1,1,0,0,0,1
174,Hitesh,hitesh@example.com,2,1,0,0,1,1,0
175,Dhruv,dhruv@example.com,2,1,0,1,0,1,0
176,Vivaan,vivaan@example.com,1,1,1,0,0,0,1
177,Karan,karan@example.com,3,1,0,0,1,1,0
178,Pooja,pooja@example.com,1,0,0,1,0,1,0
179,Ishaan,ishaan@example.com,3,1,1,0,0,0,1
180,Saanvi,saanvi@example.com,3,0,0,0,1,1,0
181,Aarav,aarav@example.com,3,1,0,1,0,1,0
182,Ritvik,ritvik@example.com,2,1,1,0,0,0,1
183,Vivaan,vivaan@example.com,4,1,0,0,1,1,0
184,Ishaan,ishaan@example.com,3,1,0,1,0,1,0
185,Meera,meera@example.com,3,0,1,0,0,0,1
186,Vivaan,vivaan@example.com,3,1,0,0,1,1,0
187,Isha,isha@example.com,1,0,0,1,0,1,0
188,Kavya,kavya@example.com,1,0,1,0,0,0,1
189,Meera,meera@example.com,2,0,0,0,1,1,0
190,Anika,anika@example.com,1,0,0,1,0,1,0
191,Karan,karan@example.com,3,1,1,0,0,0,1
192,Aarav,aarav@example.com,1,1,0,0,1,1,0
193,Meera,meera@example.com,1,0,0,1,0,1,0
194,Aanya,aanya@example.com,3,0,1,0,0,0,1
195,Rohan,rohan@example.com,3,1,0,0,1,1,0
196,Hitesh,hitesh@example.com,2,1,0,1,0,1,0
197,Anika,anika@example.com,2,0,1,0,0,0,1
198,Vivaan,vivaan@example.com,4,1,0,0,1,1,0
199,Vivaan,vivaan@example.com,1,1,0,1,0,1,0
200,Aditya,aditya@example.com,2,1,1,0,0,0,1
201,Rohan,rohan@example.com,3,1,0,0,1,1,0
202,Ishaan,ishaan@example.com,2,1,0,1,0,1,0
203,Isha,isha@example.com,2,0,1,0,0,0,1
204,Ishaan,ishaan@example.com,1,1,0,0,1,1,0
205,Riya,riya@example.com,3,0,0,1,0,1,0
206,Riya,riya@example.com,3,0,1,0,0,0,1
207,Ritvik,ritvik@example.com,4,1,0,0,1,1,0
208,Karan,karan@example.com,3,1,0,1,0,1,0
209,Hitesh,hitesh@example.com,2,1,1,0,0,0,1
210,Rohan,rohan@example.com,2,1,0,0,1,1,0
211,Anika,anika@example.com,4,0,0,1,0,1,0
212,Tanvi,tanvi@example.com,2,0,1,0,0,0,1
213,Aarav,aarav@example.com,3,1,0,0,1,1,0
214,Aditya,aditya@example.com,1,1,0,1,0,1,0
215,Riya,riya@example.com,1,0,1,0,0,0,1
216,Meera,meera@example.com,3,0,0,0,1,1,0
217,Ishaan,ishaan@example.com,2,1,0,1,0,1,0
218,Saanvi,saanvi@example.com,4,0,1,0,0,0,1
219,Kavya,kavya@example.com,3,0,0,0,1,1,0
220,Aanya,aanya@example.com,2,0,0,1,0,1,0
221,Aditya,aditya@example.com,3,1,1,0,0,0,1
222,Rohan,rohan@example.com,2,1,0,0,1,1,0
223,Aanya,aanya@example.com,3,0,0,1,0,1,0
224,Ishaan,ishaan@example.com,4,1,1,0,0,0,1
225,Isha,isha@example.com,2,0,0,0,1,1,0
226,Tanvi,tanvi@example.com,3,0,0,1,0,1,0
227,Aditya,aditya@example.com,2,1,1,0,0,0,1
228,Kavya,kavya@example.com,1,0,0,0,1,1,0
229,Ritvik,ritvik@example.com,3,1,0,1,0,1,0
230,Kavya,kavya@example.com,3,0,1,0,0,0,1
231,Aanya,aanya@example.com,4,0,0,0,1,1,0
232,Ishaan,ishaan@example.com,2,1,0,1,0,1,0
233,Aarav,aarav@example.com,2,1,1,0,0,0,1
234,Ritvik,ritvik@example.com,1,1,0,0,1,1,0
235,Dhruv,dhruv@example.com,3,1,0,1,0,1,0
236,Karan,karan@example.com,3,1,1,0,0,0,1
237,Pooja,pooja@example.com,2,0,0,0,1,1,0
238,Anika,anika@example.com,2,0,0,1,0,1,0
239,Aarav,aarav@example.com,2,1,1,0,0,0,1
240,Tanvi,tanvi@example.com,3,0,0,0,1,1,0
241,Diya,diya@example.com,3,0,0,1,0,1,0
242,Isha,isha@example.com,3,0,1,0,0,0,1
243,Saanvi,saanvi@example.com,2,0,0,0,1,1,0
244,Karan,karan@example.com,2,1,0,1,0,1,0
245,Aarav,aarav@example.com,3,1,1,0,0,0,1
246,Anika,anika@example.com,4,0,0,0,1,1,0
247,Pooja,pooja@example.com,4,0,0,1,0,1,0
248,Meera,meera@example.com,3,0,1,0,0,0,1
249,Aarav,aarav@example.com,2,1,0,0,1,1,0
250,Ishaan,ishaan@example.com,1,1,0,1,0,1,0
251,Aanya,aanya@example.com,4,0,1,0,0,0,1
252,Arjun,arjun@example.com,4,1,0,0,1,1,0
253,Karan,karan@example.com,3,1,0,1,0,1,0
254,Riya,riya@example.com,2,0,1,0,0,0,1
255,Diya,diya@example.com,3,0,0,0,1,1,0
256,Hitesh,hitesh@example.com,3,1,0,1,0,1,0
257,Diya,diya@example.com,2,0,1,0,0,0,1
258,Hitesh,hitesh@example.com,3,1,0,0,1,1,0
259,Vivaan,vivaan@example.com,1,1,0,1,0,1,0
260,Isha,isha@example.com,1,0,1,0,0,0,1
261,Ishaan,ishaan@example.com,4,1,0,0,1,1,0
262,Kavya,kavya@example.com,4,0,0,1,0,1,0
263,Ishaan,ishaan@example.com,2,1,1,0,0,0,1
264,Saanvi,saanvi@example.com,3,0,0,0,1,1,0
265,Dhruv,dhruv@example.com,1,1,0,1,0,1,0
266,Vivaan,vivaan@example.com,3,1,1,0,0,0,1
267,Aanya,aanya@example.com,3,0,0,0,1,1,0
268,Meera,meera@example.com,2,0,0,1,0,1,0
269,Aarav,aarav@example.com,3,1,1,0,0,0,1
270,Dhruv,dhruv@example.com,4,1,0,0,1,1,0
271,Ritvik,ritvik@example.com,3,1,0,1,0,1,0
272,Arjun,arjun@example.com,2,1,1,0,0,0,1
273,Arjun,arjun@example.com,3,1,0,0,1,1,0
274,Aarav,aarav@example.com,3,1,0,1,0,1,0
275,Meera,meera@example.com,1,0,1,0,0,0,1
276,Ritvik,ritvik@example.com,3,1,0,0,1,1,0
277,Aditya,aditya@example.com,4,1,0,1,0,1,0
278,Ishaan,ishaan@example.com,3,1,1,0,0,0,1
279,Ishaan,ishaan@example.com,4,1,0,0,1,1,0
280,Saanvi,saanvi@example.com,2,0,0,1,0,1,0
281,Aarav,aarav@example.com,4,1,1,0,0,0,1
282,Dhruv,dhruv@example.com,3,1,0,0,1,1,0
283,Anika,anika@example.com,2,0,0,1,0,1,0
284,Saanvi,saanvi@example.com,3,0,1,0,0,0,1
285,Isha,isha@example.com,1,0,0,0,1,1,0
286,Vivaan,vivaan@example.com,4,1,0,1,0,1,0
287,Isha,isha@example.com,3,0,1,0,0,0,1
288,Isha,isha@example.com,2,0,0,0,1,1,0
289,Arjun,arjun@example.com,3,1,0,1,0,1,0
290,Riya,riya@example.com,3,0,1,0,0,0,1
291,Arjun,arjun@example.com,3,1,0,0,1,1,0
292,Rohan,rohan@example.com,4,1,0,1,0,1,0
293,Kavya,kavya@example.com,1,0,1,0,0,0,1
294,Aditya,aditya@example.com,2,1,0,0,1,1,0
295,Hitesh,hitesh@example.com,1,1,0,1,0,1,0
296,Vivaan,vivaan@example.com,1,1,1,0,0,0,1
297,Hitesh,hitesh@example.com,2,1,0,0,1,1,0
298,Riya,riya@example.com,3,0,0,1,0,1,0
299,Isha,isha@example.com,3,0,1,0,0,0,1
300,Saanvi,saanvi@example.com,3,0,0,0,1,1,0
301,Diya,diya@example.com,4,0,0,1,0,1,0
302,Ishaan,ishaan@example.com,3,1,1,0,0,0,1
303,Riya,riya@example.com,4,0,0,0,1,1,0
304,Hitesh,hitesh@example.com,2,1,0,1,0,1,0
305,Aanya,aanya@example.com,1,0,1,0,0,0,1
306,Meera,meera@example.com,3,0,0,0,1,1,0
307,Pooja,pooja@example.com,3,0,0,1,0,1,0
308,Saanvi,saanvi@example.com,4,0,1,0,0,0,1
309,Diya,diya@example.com,3,0,0,0,1,1,0
310,Vivaan,vivaan@example.com,2,1,0,1,0,1,0
311,Diya,diya@example.com,2,0,1,0,0,0,1
312,Ishaan,ishaan@example.com,2,1,0,0,1,1,0
313,Isha,isha@example.com,3,0,0,1,0,1,0
314,Kavya,kavya@example.com,3,0,1,0,0,0,1
315,Arjun,arjun@example.com,2,1,0,0,1,1,0
316,Meera,meera@example.com,2,0,0,1,0,1,0
317,Dhruv,dhruv@example.com,3,1,1,0,0,0,1
318,Diya,diya@example.com,2,0,0,0,1,1,0
319,Pooja,pooja@example.com,3,0,0,1,0,1,0
320,Aanya,aanya@example.com,2,0,1,0,0,0,1
321,Tanvi,tanvi@example.com,4,0,0,0,1,1,0
322,Aanya,aanya@example.com,2,0,0,1,0,1,0
323,Rohan,rohan@example.com,3,1,1,0,0,0,1
324,Rohan,rohan@example.com,2,1,0,0,1,1,0
325,Hitesh,hitesh@example.com,3,1,0,1,0,1,0
326,Diya,diya@example.com,1,0,1,0,0,0,1
327,Pooja,pooja@example.com,2,0,0,0,1,1,0
328,Saanvi,saanvi@example.com,2,0,0,1,0,1,0
329,Vivaan,vivaan@example.com,4,1,1,0,0,0,1
330,Aanya,aanya@example.com,3,0,0,0,1,1,0
331,Rohan,rohan@example.com,3,1,0,1,0,1,0
332,Riya,riya@example.com,3,0,1,0,0,0,1
333,Anika,anika@example.com,2,0,0,0,1,1,0
334,Rohan,rohan@example.com,3,1,0,1,0,1,0
335,Saanvi,saanvi@example.com,4,0,1,0,0,0,1
336,Ritvik,ritvik@example.com,3,1,0,0,1,1,0
337,Aarav,aarav@example.com,4,1,0,1,0,1,0
338,Rohan,rohan@example.com,3,1,1,0,0,0,1
339,Riya,riya@example.com,3,0,0,0,1,1,0
340,Diya,diya@example.com,1,0,0,1,0,1,0
341,Aditya,aditya@example.com,2,1,1,0,0,0,1
342,Hitesh,hitesh@example.com,1,1,0,0,1,1,0
343,Saanvi,saanvi@example.com,3,0,0,1,0,1,0
344,Ritvik,ritvik@example.com,3,1,1,0,0,0,1
345,Karan,karan@example.com,1,1,0,0,1,1,0
346,Hitesh,hitesh@example.com,4,1,0,1,0,1,0
347,Saanvi,saanvi@example.com,1,0,1,0,0,0,1
348,Anika,anika@example.com,1,0,0,0,1,1,0
349,Tanvi,tanvi@example.com,3,0,0,1,0,1,0
350,Aditya,aditya@example.com,3,1,1,0,0,0,1
351,Vivaan,vivaan@example.com,4,1,0,0,1,1,0
352,Kavya,kavya@example.com,1,0,0,1,0,1,0
353,Isha,isha@example.com,2,0,1,0,0,0,1
354,Meera,meera@example.com,3,0,0,0,1,1,0
355,Kavya,kavya@example.com,1,0,0,1,0,1,0
356,Ishaan,ishaan@example.com,2,1,1,0,0,0,1
357,Riya,riya@example.com,2,0,0,0,1,1,0
358,Anika,anika@example.com,2,0,0,1,0,1,0
359,Ishaan,ishaan@example.com,3,1,1,0,0,0,1
360,Isha,isha@example.com,4,0,0,0,1,1,0
361,Aanya,aanya@example.com,1,0,0,1,0,1,0
362,Aarav,aarav@example.com,3,1,1,0,0,0,1
363,Anika,anika@example.com,1,0,0,0,1,1,0
364,Aanya,aanya@example.com,4,0,0,1,0,1,0
365,Vivaan,vivaan@example.com,2,1,1,0,0,0,1
366,Aanya,aanya@example.com,3,0,0,0,1,1,0
367,Aanya,aanya@example.com,1,0,0,1,0,1,0
368,Ritvik,ritvik@example.com,1,1,1,0,0,0,1
369,Rohan,rohan@example.com,3,1,0,0,1,1,0
370,Pooja,pooja@example.com,4,0,0,1,0,1,0
371,Ritvik,ritvik@example.com,2,1,1,0,0,0,1
372,Pooja,pooja@example.com,3,0,0,0,1,1,0
373,Hitesh,hitesh@example.com,4,1,0,1,0,1,0
374,Meera,meera@example.com,2,0,1,0,0,0,1
375,Isha,isha@example.com,3,0,0,0,1,1,0
376,Kavya,kavya@example.com,2,0,0,1,0,1,0
377,Isha,isha@example.com,2,0,1,0,0,0,1
378,Isha,isha@example.com,3,0,0,0,1,1,0
379,Isha,isha@example.com,3,0,0,1,0,1,0
380,Aditya,aditya@example.com,2,1,1,0,0,0,1
381,Meera,meera@example.com,2,0,0,0,1,1,0
382,Kavya,kavya@example.com,2,0,0,1,0,1,0
383,Kavya,kavya@example.com,4,0,1,0,0,0,1
384,Arjun,arjun@example.com,3,1,0,0,1,1,0
385,Pooja,pooja@example.com,4,0,0,1,0,1,0
386,Hitesh,hitesh@example.com,2,1,1,0,0,0,1
387,Arjun,arjun@example.com,1,1,0,0,1,1,0
388,Aditya,aditya@example.com,2,1,0,1,0,1,0
389,Aanya,aanya@example.com,2,0,1,0,0,0,1
390,Arjun,arjun@example.com,3,1,0,0,1,1,0
391,Tanvi,tanvi@example.com,2,0,0,1,0,1,0
392,Karan,karan@example.com,4,1,1,0,0,0,1
393,Meera,meera@example.com,3,0,0,0,1,1,0
394,Anika,anika@example.com,4,0,0,1,0,1,0
395,Karan,karan@example.com,4,1,1,0,0,0,1
396,Tanvi,tanvi@example.com,2,0,0,0,1,1,0
397,Anika,anika@example.com,2,0,0,1,0,1,0
398,Anika,anika@example.com,2,0,1,0,0,0,1
399,Dhruv,dhruv@example.com,2,1,0,0,1,1,0
400,Aanya,aanya@example.com,3,0,0,1,0,1,0
401,Aarav,aarav@example.com,2,1,1,0,0,0,1
402,Dhruv,dhruv@example.com,2,1,0,0,1,1,0
403,Rohan,rohan@example.com,2,1,0,1,0,1,0
404,Aditya,aditya@example.com,3,1,1,0,0,0,1
405,Hitesh,hitesh@example.com,2,1,0,0,1,1,0
406,Ritvik,ritvik@example.com,4,1,0,1,0,1,0
407,Riya,riya@example.com,3,0,1,0,0,0,1
408,Ishaan,ishaan@example.com,2,1,0,0,1,1,0
409,Dhruv,dhruv@example.com,4,1,0,1,0,1,0
410,Ritvik,ritvik@example.com,1,1,1,0,0,0,1
411,Dhruv,dhruv@example.com,4,1,0,0,1,1,0
412,Riya,riya@example.com,2,0,0,1,0,1,0
413,Meera,meera@example.com,4,0,1,0,0,0,1
414,Aanya,aanya@example.com,3,0,0,0,1,1,0
415,Arjun,arjun@example.com,3,1,0,1,0,1,0
416,Diya,diya@example.com,2,0,1,0,0,0,1
417,Karan,karan@example.com,4,1,0,0,1,1,0
418,Pooja,pooja@example.com,3,0,0,1,0,1,0
419,Rohan,rohan@example.com,3,1,1,0,0,0,1
420,Saanvi,saanvi@example.com,4,0,0,0,1,1,0
421,Saanvi,saanvi@example.com,3,0,0,1,0,1,0
422,Meera,meera@example.com,1,0,1,0,0,0,1
423,Aarav,aarav@example.com,3,1,0,0,1,1,0
424,Riya,riya@example.com,1,0,0,1,0,1,0
425,Aarav,aarav@example.com,3,1,1,0,0,0,1
426,Anika,anika@example.com,2,0,0,0,1,1,0
427,Aanya,aanya@example.com,1,0,0,1,0,1,0
428,Anika,anika@example.com,3,0,1,0,0,0,1
429,Anika,anika@example.com,1,0,0,0,1,1,0
430,Vivaan,vivaan@example.com,2,1,0,1,0,1,0
431,Arjun,arjun@example.com,2,1,1,0,0,0,1
432,Aditya,aditya@example.com,4,1,0,0,1,1,0
433,Pooja,pooja@example.com,3,0,0,1,0,1,0
434,Tanvi,tanvi@example.com,4,0,1,0,0,0,1
435,Hitesh,hitesh@example.com,3,1,0,0,1,1,0
436,Aanya,aanya@example.com,3,0,0,1,0,1,0
437,Arjun,arjun@example.com,3,1,1,0,0,0,1
438,Pooja,pooja@example.com,2,0,0,0,1,1,0
439,Rohan,rohan@example.com,2,1,0,1,0,1,0
440,Meera,meera@example.com,2,0,1,0,0,0,1
441,Diya,diya@example.com,2,0,0,0,1,1,0
442,Tanvi,tanvi@example.com,1,0,0,1,0,1,0
443,Rohan,rohan@example.com,3,1,1,0,0,0,1
444,Riya,riya@example.com,1,0,0,0,1,1,0
445,Riya,riya@example.com,3,0,0,1,0,1,0
446,Saanvi,saanvi@example.com,4,0,1,0,0,0,1
447,Aarav,aarav@example.com,4,1,0,0,1,1,0
448,Ritvik,ritvik@example.com,1,1,0,1,0,1,0
449,Aditya,aditya@example.com,3,1,1,0,0,0,1
450,Pooja,pooja@example.com,3,0,0,0,1,1,0
451,Rohan,rohan@example.com,2,1,0,1,0,1,0
452,Karan,karan@example.com,3,1,1,0,0,0,1
453,Aanya,aanya@example.com,2,0,0,0,1,1,0
454,Hitesh,hitesh@example.com,2,1,0,1,0,1,0
455,Diya,diya@example.com,3,0,1,0,0,0,1
456,Pooja,pooja@example.com,1,0,0,0,1,1,0
457,Pooja,pooja@example.com,3,0,0,1,0,1,0
458,Vivaan,vivaan@example.com,3,1,1,0,0,0,1
459,Meera,meera@example.com,1,0,0,0,1,1,0
460,Dhruv,dhruv@example.com,3,1,0,1,0,1,0
461,Saanvi,saanvi@example.com,1,0,1,0,0,0,1
462,Aditya,aditya@example.com,2,1,0,0,1,1,0
463,Karan,karan@example.com,3,1,0,1,0,1,0
464,Meera,meera@example.com,2,0,1,0,0,0,1
465,Aditya,aditya@example.com,2,1,0,0,1,1,0
466,Isha,isha@example.com,3,0,0,1,0,1,0
467,Karan,karan@example.com,4,1,1,0,0,0,1
468,Aditya,aditya@example.com,1,1,0,0,1,1,0
469,Ishaan,ishaan@example.com,2,1,0,1,0,1,0
470,Arjun,arjun@example.com,3,1,1,0,0,0,1
471,Arjun,arjun@example.com,1,1,0,0,1,1,0
472,Meera,meera@example.com,4,0,0,1,0,1,0
473,Ishaan,ishaan@example.com,4,1,1,0,0,0,1
474,Ritvik,ritvik@example.com,4,1,0,0,1,1,0
475,Karan,karan@example.com,2,1,0,1,0,1,0
476,Anika,anika@example.com,1,0,1,0,0,0,1
477,Saanvi,saanvi@example.com,2,0,0,0,1,1,0
478,Arjun,arjun@example.com,2,1,0,1,0,1,0
479,Ishaan,ishaan@example.com,2,1,1,0,0,0,1
480,Riya,riya@example.com,2,0,0,0,1,1,0
481,Diya,diya@example.com,1,0,0,1,0,1,0
482,Isha,isha@example.com,2,0,1,0,0,0,1
483,Pooja,pooja@example.com,2,0,0,0,1,1,0
484,Saanvi,saanvi@example.com,2,0,0,1,0,1,0
485,Aanya,aanya@example.com,1,0,1,0,0,0,1
486,Aarav,aarav@example.com,1,1,0,0,1,1,0
487,Pooja,pooja@example.com,2,0,0,1,0,1,0
488,Anika,anika@example.com,1,0,1,0,0,0,1
489,Rohan,rohan@example.com,3,1,0,0,1,1,0
490,Isha,isha@example.com,3,0,0,1,0,1,0
491,Aanya,aanya@example.com,3,0,1,0,0,0,1
492,Tanvi,tanvi@example.com,4,0,0,0,1,1,0
493,Aditya,aditya@example.com,2,1,0,1,0,1,0
494,Aanya,aanya@example.com,3,0,1,0,0,0,1
495,Aanya,aanya@example.com,2,0,0,0,1,1,0
496,Arjun,arjun@example.com,2,1,0,1,0,1,0
497,Aarav,aarav@example.com,3,1,1,0,0,0,1
498,Dhruv,dhruv@example.com,1,1,0,0,1,1,0
499,Aarav,aarav@example.com,2,1,0,1,0,1,0
500,Kavya,kavya@example.com,2,0,1,0,0,0,1
501,Arjun,arjun@example.com,2,1,0,0,1,1,0
502,Kavya,kavya@example.com,2,0,0,1,0,1,0
503,Dhruv,dhruv@example.com,3,1,1,0,0,0,1
504,Isha,isha@example.com,2,0,0,0,1,1,0
505,Kavya,kavya@example.com,3,0,0,1,0,1,0
506,Aanya,aanya@example.com,3,0,1,0,0,0,1
507,Saanvi,saanvi@example.com,4,0,0,0,1,1,0
508,Aanya,aanya@example.com,2,0,0,1,0,1,0
509,Hitesh,hitesh@example.com,1,1,1,0,0,0,1
510,Isha,isha@example.com,2,0,0,0,1,1,0
511,Karan,karan@example.com,3,1,0,1,0,1,0
512,Ritvik,ritvik@example.com,2,1,1,0,0,0,1
513,Vivaan,vivaan@example.com,3,1,0,0,1,1,0
514,Pooja,pooja@example.com,3,0,0,1,0,1,0
515,Arjun,arjun@example.com,1,1,1,0,0,0,1
516,Aditya,aditya@example.com,2,1,0,0,1,1,0
517,Vivaan,vivaan@example.com,1,1,0,1,0,1,0
518,Tanvi,tanvi@example.com,4,0,1,0,0,0,1
519,Ritvik,ritvik@example.com,1,1,0,0,1,1,0
520,Isha,isha@example.com,2,0,0,1,0,1,0
521,Rohan,rohan@example.com,3,1,1,0,0,0,1
522,Kavya,kavya@example.com,2,0,0,0,1,1,0
523,Aarav,aarav@example.com,3,1,0,1,0,1,0
524,Diya,diya@example.com,4,0,1,0,0,0,1
525,Saanvi,saanvi@example.com,4,0,0,0,1,1,0
526,Ishaan,ishaan@example.com,1,1,0,1,0,1,0
527,Karan,karan@example.com,3,1,1,0,0,0,1
528,Isha,isha@example.com,3,0,0,0,1,1,0
529,Meera,meera@example.com,1,0,0,1,0,1,0
530,Anika,anika@example.com,2,0,1,0,0,0,1
531,Aanya,aanya@example.com,2,0,0,0,1,1,0
532,Riya,riya@example.com,3,0,0,1,0,1,0
533,Riya,riya@example.com,2,0,1,0,0,0,1
534,Aanya,aanya@example.com,2,0,0,0,1,1,0
535,Aanya,aanya@example.com,3,0,0,1,0,1,0
536,Kavya,kavya@example.com,1,0,1,0,0,0,1
537,Hitesh,hitesh@example.com,2,1,0,0,1,1,0
538,Anika,anika@example.com,3,0,0,1,0,1,0
539,Aarav,aarav@example.com,3,1,1,0,0,0,1
540,Aanya,aanya@example.com,4,0,0,0,1,1,0
541,Tanvi,tanvi@example.com,2,0,0,1,0,1,0
542,Pooja,pooja@example.com,3,0,1,0,0,0,1
543,Kavya,kavya@example.com,3,0,0,0,1,1,0
544,Pooja,pooja@example.com,2,0,0,1,0,1,0
545,Ritvik,ritvik@example.com,4,1,1,0,0,0,1
546,Pooja,pooja@example.com,1,0,0,0,1,1,0
547,Isha,isha@example.com,3,0,0,1,0,1,0
548,Dhruv,dhruv@example.com,1,1,1,0,0,0,1
549,Ritvik,ritvik@example.com,1,1,0,0,1,1,0
550,Ritvik,ritvik@example.com,1,1,0,1,0,1,0
551,Dhruv,dhruv@example.com,4,1,1,0,0,0,1
552,Saanvi,saanvi@example.com,3,0,0,0,1,1,0
553,Meera,meera@example.com,2,0,0,1,0,1,0
554,Kavya,kavya@example.com,3,0,1,0,0,0,1
555,Isha,isha@example.com,3,0,0,0,1,1,0
556,Aditya,aditya@example.com,1,1,0,1,0,1,0
557,Ishaan,ishaan@example.com,4,1,1,0,0,0,1
558,Dhruv,dhruv@example.com,2,1,0,0,1,1,0
559,Ishaan,ishaan@example.com,3,1,0,1,0,1,0
560,Tanvi,tanvi@example.com,2,0,1,0,0,0,1
561,Vivaan,vivaan@example.com,3,1,0,0,1,1,0
562,Saanvi,saanvi@example.com,2,0,0,1,0,1,0
563,Karan,karan@example.com,4,1,1,0,0,0,1
564,Vivaan,vivaan@example.com,2,1,0,0,1,1,0
565,Ritvik,ritvik@example.com,3,1,0,1,0,1,0
566,Karan,karan@example.com,2,1,1,0,0,0,1
567,Kavya,kavya@example.com,3,0,0,0,1,1,0
568,Saanvi,saanvi@example.com,2,0,0,1,0,1,0
569,Aanya,aanya@example.com,4,0,1,0,0,0,1
570,Saanvi,saanvi@example.com,4,0,0,0,1,1,0
571,Riya,riya@example.com,2,0,0,1,0,1,0
572,Meera,meera@example.com,4,0,1,0,0,0,1
573,Hitesh,hitesh@example.com,2,1,0,0,1,1,0
574,Aarav,aarav@example.com,3,1,0,1,0,1,0
575,Ritvik,ritvik@example.com,3,1,1,0,0,0,1
576,Meera,meera@example.com,2,0,0,0,1,1,0
577,Aanya,aanya@example.com,3,0,0,1,0,1,0
578,Tanvi,tanvi@example.com,3,0,1,0,0,0,1
579,Aarav,aarav@example.com,3,1,0,0,1,1,0
580,Riya,riya@example.com,1,0,0,1,0,1,0
581,Arjun,arjun@example.com,2,1,1,0,0,0,1
582,Anika,anika@example.com,4,0,0,0,1,1,0
583,Arjun,arjun@example.com,2,1,0,1,0,1,0
584,Rohan,rohan@example.com,3,1,1,0,0,0,1
585,Hitesh,hitesh@example.com,3,1,0,0,1,1,0
586,Ritvik,ritvik@example.com,2,1,0,1,0,1,0
587,Pooja,pooja@example.com,2,0,1,0,0,0,1
588,Riya,riya@example.com,3,0,0,0,1,1,0
589,Arjun,arjun@example.com,4,1,0,1,0,1,0
590,Ishaan,ishaan@example.com,3,1,1,0,0,0,1
591,Hitesh,hitesh@example.com,2,1,0,0,1,1,0
592,Saanvi,saanvi@example.com,3,0,0,1,0,1,0
593,Kavya,kavya@example.com,1,0,1,0,0,0,1
594,Tanvi,tanvi@example.com,1,0,0,0,1,1,0
595,Diya,diya@example.com,1,0,0,1,0,1,0
596,Aanya,aanya@example.com,2,0,1,0,0,0,1
597,Aanya,aanya@example.com,1,0,0,0,1,1,0
598,Pooja,pooja@example.com,4,0,0,1,0,1,0
599,Kavya,kavya@example.com,1,0,1,0,0,0,1
600,Kavya,kavya@example.com,3,0,0,0,1,1,0
601,Ritvik,ritvik@example.com,1,1,0,1,0,1,0
602,Meera,meera@example.com,3,0,1,0,0,0,1
603,Ritvik,ritvik@example.com,4,1,0,0,1,1,0
604,Meera,meera@example.com,4,0,0,1,0,1,0
605,Hitesh,hitesh@example.com,3,1,1,0,0,0,1
606,Riya,riya@example.com,4,0,0,0,1,1,0
607,Aarav,aarav@example.com,1,1,0,1,0,1,0
608,Ritvik,ritvik@example.com,1,1,1,0,0,0,1
609,Meera,meera@example.com,4,0,0,0,1,1,0
610,Vivaan,vivaan@example.com,2,1,0,1,0,1,0
611,Vivaan,vivaan@example.com,4,1,1,0,0,0,1
612,Aanya,aanya@example.com,2,0,0,0,1,1,0
613,Aanya,aanya@example.com,2,0,0,1,0,1,0
614,Kavya,kavya@example.com,4,0,1,0,0,0,1
615,Rohan,rohan@example.com,2,1,0,0,1,1,0
616,Isha,isha@example.com,1,0,0,1,0,1,0
617,Hitesh,hitesh@example.com,3,1,1,0,0,0,1
618,Riya,riya@example.com,3,0,0,0,1,1,0
619,Aditya,aditya@example.com,1,1,0,1,0,1,0
620,Aditya,aditya@example.com,2,1,1,0,0,0,1
621,Aanya,aanya@example.com,2,0,0,0,1,1,0
622,Karan,karan@example.com,2,1,0,1,0,1,0
623,Isha,isha@example.com,1,0,1,0,0,0,1
624,Tanvi,tanvi@example.com,1,0,0,0,1,1,0
625,Vivaan,vivaan@example.com,3,1,0,1,0,1,0
626,Rohan,rohan@example.com,2,1,1,0,0,0,1
627,Rohan,rohan@example.com,2,1,0,0,1,1,0
628,Saanvi,saanvi@example.com,3,0,0,1,0,1,0
629,Riya,riya@example.com,2,0,1,0,0,0,1
630,Isha,isha@example.com,1,0,0,0,1,1,0
631,Riya,riya@example.com,3,0,0,1,0,1,0
632,Aarav,aarav@example.com,1,1,1,0,0,0,1
633,Karan,karan@example.com,2,1,0,0,1,1,0
634,Dhruv,dhruv@example.com,4,1,0,1,0,1,0
635,Arjun,arjun@example.com,1,1,1,0,0,0,1
636,Tanvi,tanvi@example.com,4,0,0,0,1,1,0
637,Ishaan,ishaan@example.com,1,1,0,1,0,1,0
638,Dhruv,dhruv@example.com,2,1,1,0,0,0,1
639,Ishaan,ishaan@example.com,3,1,0,0,1,1,0
640,Karan,karan@example.com,2,1,0,1,0,1,0
641,Karan,karan@example.com,4,1,1,0,0,0,1
642,Aanya,aanya@example.com,2,0,0,0,1,1,0
643,Vivaan,vivaan@example.com,2,1,0,1,0,1,0
644,Tanvi,tanvi@example.com,1,0,1,0,0,0,1
645,Tanvi,tanvi@example.com,3,0,0,0,1,1,0
646,Meera,meera@example.com,2,0,0,1,0,1,0
647,Riya,riya@example.com,3,0,1,0,0,0,1
648,Diya,diya@example.com,3,0,0,0,1,1,0
649,Dhruv,dhruv@example.com,3,1,0,1,0,1,0
650,Aditya,aditya@example.com,4,1,1,0,0,0,1
651,Aarav,aarav@example.com,2,1,0,0,1,1,0
652,Tanvi,tanvi@example.com,2,0,0,1,0,1,0
653,Aarav,aarav@example.com,3,1,1,0,0,0,1
654,Aanya,aanya@example.com,2,0,0,0,1,1,0
655,Kavya,kavya@example.com,2,0,0,1,0,1,0
656,Ritvik,ritvik@example.com,1,1,1,0,0,0,1
657,Dhruv,dhruv@example.com,1,1,0,0,1,1,0
658,Hitesh,hitesh@example.com,3,1,0,1,0,1,0
659,Ishaan,ishaan@example.com,3,1,1,0,0,0,1
660,Tanvi,tanvi@example.com,4,0,0,0,1,1,0
661,Saanvi,saanvi@example.com,2,0,0,1,0,1,0
662,Kavya,kavya@example.com,3,0,1,0,0,0,1
663,Aarav,aarav@example.com,2,1,0,0,1,1,0
664,Saanvi,saanvi@example.com,3,0,0,1,0,1,0
665,Hitesh,hitesh@example.com,2,1,1,0,0,0,1
666,Dhruv,dhruv@example.com,2,1,0,0,1,1,0
667,Vivaan,vivaan@example.com,3,1,0,1,0,1,0
668,Dhruv,dhruv@example.com,2,1,1,0,0,0,1
669,Aditya,aditya@example.com,3,1,0,0,1,1,0
670,Tanvi,tanvi@example.com,1,0,0,1,0,1,0
671,Dhruv,dhruv@example.com,4,1,1,0,0,0,1
672,Riya,riya@example.com,2,0,0,0,1,1,0
673,Anika,anika@example.com,4,0,0,1,0,1,0
674,Aarav,aarav@example.com,2,1,1,0,0,0,1
675,Saanvi,saanvi@example.com,2,0,0,0,1,1,0
676,Karan,karan@example.com,2,1,0,1,0,1,0
677,Vivaan,vivaan@example.com,2,1,1,0,0,0,1
678,Meera,meera@example.com,4,0,0,0,1,1,0
679,Ishaan,ishaan@example.com,3,1,0,1,0,1,0
680,Aditya,aditya@example.com,1,1,1,0,0,0,1
681,Aanya,aanya@example.com,3,0,0,0,1,1,0
682,Hitesh,hitesh@example.com,2,1,0,1,0,1,0
683,Isha,isha@example.com,1,0,1,0,0,0,1
684,Aditya,aditya@example.com,1,1,0,0,1,1,0
685,Aditya,aditya@example.com,1,1,0,1,0,1,0
686,Ritvik,ritvik@example.com,4,1,1,0,0,0,1
687,Aanya,aanya@example.com,2,0,0,0,1,1,0
688,Kavya,kavya@example.com,3,0,0,1,0,1,0
689,Arjun,arjun@example.com,1,1,1,0,0,0,1
690,Rohan,rohan@example.com,4,1,0,0,1,1,0
691,Isha,isha@example.com,2,0,0,1,0,1,0
692,Dhruv,dhruv@example.com,3,1,1,0,0,0,1
693,Aditya,aditya@example.com,2,1,0,0,1,1,0
694,Anika,anika@example.com,1,0,0,1,0,1,0
695,Tanvi,tanvi@example.com,4,0,1,0,0,0,1
696,Hitesh,hitesh@example.com,2,1,0,0,1,1,0
697,Aditya,aditya@example.com,1,1,0,1,0,1,0
698,Hitesh,hitesh@example.com,3,1,1,0,0,0,1
699,Aditya,aditya@example.com,4,1,0,0,1,1,0
700,Aarav,aarav@example.com,3,1,0,1,0,1,0
701,Riya,riya@example.com,3,0,1,0,0,0,1
702,Aarav,aarav@example.com,2,1,0,0,1,1,0
703,Vivaan,vivaan@example.com,3,1,0,1,0,1,0
704,Aditya,aditya@example.com,4,1,1,0,0,0,1
705,Aanya,aanya@example.com,3,0,0,0,1,1,0
706,Kavya,kavya@example.com,2,0,0,1,0,1,0
707,Pooja,pooja@example.com,2,0,1,0,0,0,1
708,Dhruv,dhruv@example.com,2,1,0,0,1,1,0
709,Karan,karan@example.com,3,1,0,1,0,1,0
710,Diya,diya@example.com,2,0,1,0,0,0,1
711,Hitesh,hitesh@example.com,3,1,0,0,1,1,0
712,Diya,diya@example.com,2,0,0,1,0,1,0
713,Kavya,kavya@example.com,2,0,1,0,0,0,1
714,Ishaan,ishaan@example.com,1,1,0,0,1,1,0
715,Pooja,pooja@example.com,3,0,0,1,0,1,0
716,Pooja,pooja@example.com,3,0,1,0,0,0,1
717,Kavya,kavya@example.com,4,0,0,0,1,1,0
718,Rohan,rohan@example.com,3,1,0,1,0,1,0
719,Riya,riya@example.com,4,0,1,0,0,0,1
720,Riya,riya@example.com,2,0,0,0,1,1,0
721,Ritvik,ritvik@example.com,3,1,0,1,0,1,0
722,Pooja,pooja@example.com,1,0,1,0,0,0,1
723,Aanya,aanya@example.com,3,0,0,0,1,1,0
724,Kavya,kavya@example.com,4,0,0,1,0,1,0
725,Karan,karan@example.com,2,1,1,0,0,0,1
726,Aditya,aditya@example.com,4,1,0,0,1,1,0
727,Aanya,aanya@example.com,2,0,0,1,0,1,0
728,Kavya,kavya@example.com,3,0,1,0,0,0,1
729,Diya,diya@example.com,2,0,0,0,1,1,0
730,Tanvi,tanvi@example.com,2,0,0,1,0,1,0
731,Isha,isha@example.com,4,0,1,0,0,0,1
732,Dhruv,dhruv@example.com,2,1,0,0,1,1,0
733,Kavya,kavya@example.com,2,0,0,1,0,1,0
734,Ritvik,ritvik@example.com,2,1,1,0,0,0,1
735,Riya,riya@example.com,1,0,0,0,1,1,0
736,Dhruv,dhruv@example.com,2,1,0,1,0,1,0
737,Isha,isha@example.com,3,0,1,0,0,0,1
738,Anika,anika@example.com,2,0,0,0,1,1,0
739,Arjun,arjun@example.com,3,1,0,1,0,1,0
740,Isha,isha@example.com,2,0,1,0,0,0,1
741,Saanvi,saanvi@example.com,2,0,0,0,1,1,0
742,Aanya,aanya@example.com,3,0,0,1,0,1,0
743,Riya,riya@example.com,3,0,1,0,0,0,1
744,Aanya,aanya@example.com,1,0,0,0,1,1,0
745,Saanvi,saanvi@example.com,3,0,0,1,0,1,0
746,Pooja,pooja@example.com,3,0,1,0,0,0,1
747,Isha,isha@example.com,1,0,0,0,1,1,0
748,Vivaan,vivaan@example.com,2,1,0,1,0,1,0
749,Isha,isha@example.com,1,0,1,0,0,0,1
750,Hitesh,hitesh@example.com,3,1,0,0,1,1,0
751,Anika,anika@example.com,3,0,0,1,0,1,0
752,Vivaan,vivaan@example.com,3,1,1,0,0,0,1
753,Riya,riya@example.com,3,0,0,0,1,1,0
754,Aditya,aditya@example.com,4,1,0,1,0,1,0
755,Arjun,arjun@example.com,4,1,1,0,0,0,1
756,Arjun,arjun@example.com,3,1,0,0,1,1,0
757,Karan,karan@example.com,1,1,0,1,0,1,0
758,Ishaan,ishaan@example.com,2,1,1,0,0,0,1
759,Tanvi,tanvi@example.com,3,0,0,0,1,1,0
760,Meera,meera@example.com,1,0,0,1,0,1,0
761,Hitesh,hitesh@example.com,3,1,1,0,0,0,1
762,Isha,isha@example.com,2,0,0,0,1,1,0
763,Riya,riya@example.com,2,0,0,1,0,1,0
764,Riya,riya@example.com,3,0,1,0,0,0,1
765,Hitesh,hitesh@example.com,2,1,0,0,1,1,0
766,Pooja,pooja@example.com,1,0,0,1,0,1,0
767,Meera,meera@example.com,4,0,1,0,0,0,1
768,Anika,anika@example.com,3,0,0,0,1,1,0
769,Kavya,kavya@example.com,3,0,0,1,0,1,0
770,Diya,diya@example.com,3,0,1,0,0,0,1
771,Aditya,aditya@example.com,2,1,0,0,1,1,0
772,Ritvik,ritvik@example.com,1,1,0,1,0,1,0
773,Arjun,arjun@example.com,1,1,1,0,0,0,1
774,Rohan,rohan@example.com,3,1,0,0,1,1,0
775,Hitesh,hitesh@example.com,2,1,0,1,0,1,0
776,Aarav,aarav@example.com,3,1,1,0,0,0,1
777,Vivaan,vivaan@example.com,3,1,0,0,1,1,0
778,Anika,anika@example.com,1,0,0,1,0,1,0
779,Diya,diya@example.com,3,0,1,0,0,0,1
780,Meera,meera@example.com,2,0,0,0,1,1,0
781,Anika,anika@example.com,1,0,0,1,0,1,0
782,Aditya,aditya@example.com,1,1,1,0,0,0,1
783,Karan,karan@example.com,2,1,0,0,1,1,0
784,Aarav,aarav@example.com,3,1,0,1,0,1,0
785,Karan,karan@example.com,1,1,1,0,0,0,1
786,Tanvi,tanvi@example.com,3,0,0,0,1,1,0
787,Ishaan,ishaan@example.com,1,1,0,1,0,1,0
788,Saanvi,saanvi@example.com,3,0,1,0,0,0,1
789,Ritvik,ritvik@example.com,3,1,0,0,1,1,0
790,Hitesh,hitesh@example.com,1,1,0,1,0,1,0
791,Ishaan,ishaan@example.com,1,1,1,0,0,0,1
792,Hitesh,hitesh@example.com,1,1,0,0,1,1,0
793,Ritvik,ritvik@example.com,4,1,0,1,0,1,0
794,Meera,meera@example.com,3,0,1,0,0,0,1
795,Karan,karan@example.com,1,1,0,0,1,1,0
796,Aanya,aanya@example.com,1,0,0,1,0,1,0
797,Tanvi,tanvi@example.com,1,0,1,0,0,0,1
798,Rohan,rohan@example.com,3,1,0,0,1,1,0
799,Riya,riya@example.com,3,0,0,1,0,1,0
800,Anika,anika@example.com,3,0,1,0,0,0,1
801,Isha,isha@example.com,2,0,0,0,1,1,0
802,Karan,karan@example.com,1,1,0,1,0,1,0
803,Isha,isha@example.com,3,0,1,0,0,0,1
804,Tanvi,tanvi@example.com,1,0,0,0,1,1,0
805,Ishaan,ishaan@example.com,3,1,0,1,0,1,0
806,Vivaan,vivaan@example.com,3,1,1,0,0,0,1
807,Kavya,kavya@example.com,3,0,0,0,1,1,0
808,Riya,riya@example.com,1,0,0,1,0,1,0
809,Rohan,rohan@example.com,3,1,1,0,0,0,1
810,Pooja,pooja@example.com,3,0,0,0,1,1,0
811,Rohan,rohan@example.com,3,1,0,1,0,1,0
812,Dhruv,dhruv@example.com,2,1,1,0,0,0,1
813,Aditya,aditya@example.com,3,1,0,0,1,1,0
814,Aditya,aditya@example.com,3,1,0,1,0,1,0
815,Aarav,aarav@example.com,2,1,1,0,0,0,1
816,Hitesh,hitesh@example.com,3,1,0,0,1,1,0
817,Diya,diya@example.com,1,0,0,1,0,1,0
818,Riya,riya@example.com,2,0,1,0,0,0,1
819,Meera,meera@example.com,2,0,0,0,1,1,0
820,Aarav,aarav@example.com,2,1,0,1,0,1,0
821,Arjun,arjun@example.com,3,1,1,0,0,0,1
822,Saanvi,saanvi@example.com,1,0,0,0,1,1,0
823,Pooja,pooja@example.com,3,0,0,1,0,1,0
824,Ishaan,ishaan@example.com,4,1,1,0,0,0,1
825,Riya,riya@example.com,3,0,0,0,1,1,0
826,Diya,diya@example.com,2,0,0,1,0,1,0
827,Rohan,rohan@example.com,2,1,1,0,0,0,1
828,Pooja,pooja@example.com,4,0,0,0,1,1,0
829,Kavya,kavya@example.com,1,0,0,1,0,1,0
830,Arjun,arjun@example.com,1,1,1,0,0,0,1
831,Pooja,pooja@example.com,4,0,0,0,1,1,0
832,Meera,meera@example.com,3,0,0,1,0,1,0
833,Kavya,kavya@example.com,3,0,1,0,0,0,1
834,Vivaan,vivaan@example.com,3,1,0,0,1,1,0
835,Meera,meera@example.com,4,0,0,1,0,1,0
836,Pooja,pooja@example.com,2,0,1,0,0,0,1
837,Meera,meera@example.com,4,0,0,0,1,1,0
838,Saanvi,saanvi@example.com,4,0,0,1,0,1,0
839,Kavya,kavya@example.com,2,0,1,0,0,0,1
840,Diya,diya@example.com,1,0,0,0,1,1,0
841,Saanvi,saanvi@example.com,2,0,0,1,0,1,0
842,Ishaan,ishaan@example.com,2,1,1,0,0,0,1
843,Dhruv,dhruv@example.com,2,1,0,0,1,1,0
844,Aditya,aditya@example.com,3,1,0,1,0,1,0
845,Anika,anika@example.com,3,0,1,0,0,0,1
846,Vivaan,vivaan@example.com,3,1,0,0,1,1,0
847,Kavya,kavya@example.com,1,0,0,1,0,1,0
848,Riya,riya@example.com,2,0,1,0,0,0,1
849,Tanvi,tanvi@example.com,1,0,0,0,1,1,0
850,Hitesh,hitesh@example.com,2,1,0,1,0,1,0
851,Anika,anika@example.com,2,0,1,0,0,0,1
852,Dhruv,dhruv@example.com,4,1,0,0,1,1,0
853,Vivaan,vivaan@example.com,2,1,0,1,0,1,0
854,Meera,meera@example.com,4,0,1,0,0,0,1
855,Pooja,pooja@example.com,2,0,0,0,1,1,0
856,Aanya,aanya@example.com,3,0,0,1,0,1,0
857,Hitesh,hitesh@example.com,3,1,1,0,0,0,1
858,Rohan,rohan@example.com,3,1,0,0,1,1,0
859,Dhruv,dhruv@example.com,3,1,0,1,0,1,0
860,Vivaan,vivaan@example.com,1,1,1,0,0,0,1
861,Dhruv,dhruv@example.com,3,1,0,0,1,1,0
862,Arjun,arjun@example.com,2,1,0,1,0,1,0
863,Aarav,aarav@example.com,3,1,1,0,0,0,1
864,Riya,riya@example.com,4,0,0,0,1,1,0
865,Aditya,aditya@example.com,3,1,0,1,0,1,0
866,Ritvik,ritvik@example.com,4,1,1,0,0,0,1
867,Vivaan,vivaan@example.com,4,1,0,0,1,1,0
868,Pooja,pooja@example.com,2,0,0,1,0,1,0
869,Karan,karan@example.com,2,1,1,0,0,0,1
870,Diya,diya@example.com,4,0,0,0,1,1,0
871,Arjun,arjun@example.com,2,1,0,1,0,1,0
872,Hitesh,hitesh@example.com,2,1,1,0,0,0,1
873,Anika,anika@example.com,2,0,0,0,1,1,0
874,Hitesh,hitesh@example.com,2,1,0,1,0,1,0
875,Hitesh,hitesh@example.com,2,1,1,0,0,0,1
876,Ritvik,ritvik@example.com,4,1,0,0,1,1,0
877,Aanya,aanya@example.com,4,0,0,1,0,1,0
878,Meera,meera@example.com,3,0,1,0,0,0,1
879,Anika,anika@example.com,3,0,0,0,1,1,0
880,Ritvik,ritvik@example.com,4,1,0,1,0,1,0
881,Rohan,rohan@example.com,3,1,1,0,0,0,1
882,Vivaan,vivaan@example.com,2,1,0,0,1,1,0
883,Aanya,aanya@example.com,3,0,0,1,0,1,0
884,Ritvik,ritvik@example.com,2,1,1,0,0,0,1
885,Hitesh,hitesh@example.com,4,1,0,0,1,1,0
886,Ritvik,ritvik@example.com,2,1,0,1,0,1,0
887,Pooja,pooja@example.com,1,0,1,0,0,0,1
888,Riya,riya@example.com,2,0,0,0,1,1,0
889,Karan,karan@example.com,2,1,0,1,0,1,0
890,Ishaan,ishaan@example.com,1,1,1,0,0,0,1
891,Karan,karan@example.com,2,1,0,0,1,1,0
892,Anika,anika@example.com,2,0,0,1,0,1,0
893,Ishaan,ishaan@example.com,3,1,1,0,0,0,1
894,Isha,isha@example.com,2,0,0,0,1,1,0
895,Saanvi,saanvi@example.com,1,0,0,1,0,1,0
896,Diya,diya@example.com,4,0,1,0,0,0,1
897,Pooja,pooja@example.com,3,0,0,0,1,1,0
898,Pooja,pooja@example.com,2,0,0,1,0,1,0
899,Anika,anika@example.com,2,0,1,0,0,0,1
900,Aanya,aanya@example.com,2,0,0,0,1,1,0
901,Aanya,aanya@example.com,4,0,0,1,0,1,0
902,Anika,anika@example.com,4,0,1,0,0,0,1
903,Hitesh,hitesh@example.com,3,1,0,0,1,1,0
904,Rohan,rohan@example.com,1,1,0,1,0,1,0
905,Anika,anika@example.com,3,0,1,0,0,0,1
906,Arjun,arjun@example.com,2,1,0,0,1,1,0
907,Saanvi,saanvi@example.com,4,0,0,1,0,1,0
908,Anika,anika@example.com,3,0,1,0,0,0,1
909,Karan,karan@example.com,4,1,0,0,1,1,0
910,Arjun,arjun@example.com,4,1,0,1,0,1,0
911,Riya,riya@example.com,1,0,1,0,0,0,1
912,Aarav,aarav@example.com,2,1,0,0,1,1,0
913,Dhruv,dhruv@example.com,2,1,0,1,0,1,0
914,Dhruv,dhruv@example.com,3,1,1,0,0,0,1
915,Ishaan,ishaan@example.com,1,1,0,0,1,1,0
916,Pooja,pooja@example.com,3,0,0,1,0,1,0
917,Anika,anika@example.com,4,0,1,0,0,0,1
918,Aditya,aditya@example.com,4,1,0,0,1,1,0
919,Aanya,aanya@example.com,2,0,0,1,0,1,0
920,Riya,riya@example.com,2,0,1,0,0,0,1
921,Dhruv,dhruv@example.com,3,1,0,0,1,1,0
922,Karan,karan@example.com,3,1,0,1,0,1,0
923,Isha,isha@example.com,4,0,1,0,0,0,1
924,Tanvi,tanvi@example.com,2,0,0,0,1,1,0
925,Ritvik,ritvik@example.com,4,1,0,1,0,1,0
926,Aanya,aanya@example.com,2,0,1,0,0,0,1
927,Ishaan,ishaan@example.com,2,1,0,0,1,1,0
928,Riya,riya@example.com,2,0,0,1,0,1,0
929,Aarav,aarav@example.com,2,1,1,0,0,0,1
930,Aarav,aarav@example.com,3,1,0,0,1,1,0
931,Arjun,arjun@example.com,1,1,0,1,0,1,0
932,Tanvi,tanvi@example.com,2,0,1,0,0,0,1
933,Vivaan,vivaan@example.com,3,1,0,0,1,1,0
934,Saanvi,saanvi@example.com,4,0,0,1,0,1,0
935,Anika,anika@example.com,1,0,1,0,0,0,1
936,Aditya,aditya@example.com,1,1,0,0,1,1,0
937,Riya,riya@example.com,4,0,0,1,0,1,0
938,Anika,anika@example.com,2,0,1,0,0,0,1
939,Anika,anika@example.com,2,0,0,0,1,1,0
940,Anika,anika@example.com,2,0,0,1,0,1,0
941,Aditya,aditya@example.com,4,1,1,0,0,0,1
942,Vivaan,vivaan@example.com,1,1,0,0,1,1,0
943,Hitesh,hitesh@example.com,3,1,0,1,0,1,0
944,Riya,riya@example.com,2,0,1,0,0,0,1
945,Dhruv,dhruv@example.com,2,1,0,0,1,1,0
946,Aarav,aarav@example.com,2,1,0,1,0,1,0
947,Pooja,pooja@example.com,3,0,1,0,0,0,1
948,Hitesh,hitesh@example.com,1,1,0,0,1,1,0
949,Riya,riya@example.com,4,0,0,1,0,1,0
950,Aarav,aarav@example.com,2,1,1,0,0,0,1
951,Karan,karan@example.com,3,1,0,0,1,1,0
952,Saanvi,saanvi@example.com,1,0,0,1,0,1,0
953,Riya,riya@example.com,2,0,1,0,0,0,1
954,Vivaan,vivaan@example.com,4,1,0,0,1,1,0
955,Aanya,aanya@example.com,4,0,0,1,0,1,0
956,Hitesh,hitesh@example.com,1,1,1,0,0,0,1
957,Saanvi,saanvi@example.com,1,0,0,0,1,1,0
958,Aarav,aarav@example.com,3,1,0,1,0,1,0
959,Ritvik,ritvik@example.com,2,1,1,0,0,0,1
960,Ritvik,ritvik@example.com,3,1,0,0,1,1,0
961,Isha,isha@example.com,3,0,0,1,0,1,0
962,Saanvi,saanvi@example.com,3,0,1,0,0,0,1
963,Ritvik,ritvik@example.com,2,1,0,0,1,1,0
964,Saanvi,saanvi@example.com,1,0,0,1,0,1,0
965,Hitesh,hitesh@example.com,1,1,1,0,0,0,1
966,Riya,riya@example.com,1,0,0,0,1,1,0
967,Pooja,pooja@example.com,3,0,0,1,0,1,0
968,Diya,diya@example.com,3,0,1,0,0,0,1
969,Aditya,aditya@example.com,2,1,0,0,1,1,0
970,Tanvi,tanvi@example.com,1,0,0,1,0,1,0
971,Diya,diya@example.com,4,0,1,0,0,0,1
972,Kavya,kavya@example.com,2,0,0,0,1,1,0
973,Kavya,kavya@example.com,3,0,0,1,0,1,0
974,Vivaan,vivaan@example.com,3,1,1,0,0,0,1
975,Tanvi,tanvi@example.com,1,0,0,0,1,1,0
976,Aditya,aditya@example.com,2,1,0,1,0,1,0
977,Vivaan,vivaan@example.com,2,1,1,0,0,0,1
978,Pooja,pooja@example.com,3,0,0,0,1,1,0
979,Rohan,rohan@example.com,3,1,0,1,0,1,0
980,Kavya,kavya@example.com,2,0,1,0,0,0,1
981,Dhruv,dhruv@example.com,2,1,0,0,1,1,0
982,Meera,meera@example.com,4,0,0,1,0,1,0
983,Karan,karan@example.com,3,1,1,0,0,0,1
984,Dhruv,dhruv@example.com,3,1,0,0,1,1,0
985,Aditya,aditya@example.com,2,1,0,1,0,1,0
986,Aanya,aanya@example.com,3,0,1,0,0,0,1
987,Meera,meera@example.com,4,0,0,0,1,1,0
988,Dhruv,dhruv@example.com,1,1,0,1,0,1,0
989,Ritvik,ritvik@example.com,3,1,1,0,0,0,1
990,Diya,diya@example.com,4,0,0,0,1,1,0
991,Tanvi,tanvi@example.com,2,0,0,1,0,1,0
992,Karan,karan@example.com,3,1,1,0,0,0,1
993,Ritvik,ritvik@example.com,3,1,0,0,1,1,0
994,Ishaan,ishaan@example.com,3,1,0,1,0,1,0
995,Karan,karan@example.com,1,1,1,0,0,0,1
996,Dhruv,dhruv@example.com,2,1,0,0,1,1,0
997,Karan,karan@example.com,3,1,0,1,0,1,0
998,Aditya,aditya@example.com,2,1,1,0,0,0,1
999,Hitesh,hitesh@example.com,4,1,0,0,1,1,0
